First name,Last name,Location,Birthday
Sarina,Abbott,"Chicago, IL",9/23/1963
Sebastian,Abbott,"Miami, FL",6/19/2003
Dina,Abshire,"Toronto, ON",2/28/1985
Kyleigh,Ankunding,"Omaha, NE",1/26/1966
Osbaldo,Auer,"Cary, NC",1/1/1998
Pete,Bahringer,"Durham, NC",2-Apr-78
Mackenzie,Barrows,"Chicago, IL",12/3/1975
Fabian,Bartell,"Raleigh, NC",8/6/1996
Jayden,Bartell,"San Diego, CA",1/16/2003
June,Berge,"Raleigh, NC",3/30/1958
Rasheed,Bergnaum,"Boston, MA",25-Apr-60
Megane,Bergstrom,"Raleigh, NC",4/6/1979
Arielle,Blanda,"Cary, NC",9/7/1991
Curtis,Blanda,"Miami, FL",7/15/1962
Madilyn,Blanda,"New York, NY",9/9/1988
Eveline,Boehm,"Phoenix, AZ",18-Jun-78
Grady,Bogisich,"Phoenix, AZ",8/12/1966
Khalil,Borer,"Raleigh, NC",4/2/1966
Luisa,Brakus,"San Diego, CA",1/30/2001
Agustin,Breitenberg,"Phoenix, AZ",23-Mar-65
Christy,Breitenberg,"Raleigh, NC",4/28/1978
Lionel,Brekke,"Cary, NC",28-Feb-65
Joana,Carter,"Boston, MA",7-Jun-04
Kristy,Collier,"Omaha, NE",8/6/1982
Foster,Conn,"Toronto, ON",2-Nov-84
May,Cronin,"Boston, MA",3/11/1980
Greta,Cruickshank,"San Diego, CA",11/15/1965
Alphonso,Cumberland,"New York, NY",23-Oct-88
Burley,Cumberland,"New York, NY",2/8/1970
Liz,Custodian,"Cary, NC",4/27/1996
Gabrielle,D'Amore-Franey,"Toronto, ON",1/1/1960
Ciara,Deckow,"Cary, NC",12/12/1983
Verlie,Donnelly-Hermann,"Cary, NC",8/7/1973
Adrain,Dooley,"Toronto, ON",15-Nov-00
Mary,Emmerich,"Austin, TX",2/1/1965
Chance,Ernser,"Raleigh, NC",6/27/1971
Xander,Ernser,"Austin, TX",8/8/2000
Arnulfo,Fadel,"New York, NY",3/30/1986
Cathrine,Fadel,"Miami, FL",10/28/1977
Eliezer,Feil,"Raleigh, NC",2-Apr-64
Matt,Feil,"San Diego, CA",1/11/1965
Eliezer,Fisher,"Phoenix, AZ",2-Jun-61
Neil,Gleichner,"Omaha, NE",29-Aug-69
Savannah,Goodwin,"New York, NY",1/5/1972
Kade,Grady,"Miami, FL",11/21/1976
Demarco,Greenfelder,"Miami, FL",3/23/1983
Micah,Gulgowski,"San Diego, CA",19-Sep-73
Christop,Gutkowski,"Toronto, ON",3/10/2004
Abelardo,Haag,"Raleigh, NC",9/26/1993
Hettie,Hand,"Durham, NC",8/12/1997
Otho,Harris,"Toronto, ON",6/8/2003
Rahsaan,Hartmann,"Omaha, NE",12-Nov-82
Mittie,Heathcote,"Durham, NC",6/15/1989
Hazle,Hegmann,"Charlotte, NC",11/29/1988
Harvey,Heller,"Austin, TX",3/17/1980
Kadin,Hilll,"Cary, NC",10/24/1976
Linnie,Hintz,"Cary, NC",13-Jun-66
December,Hintz,"Charlotte, NC",4/25/2005
Gaston,Hirthe,"San Diego, CA",2/28/1963
Natalia,Hodkiewicz,"Chicago, IL",8/1/1964
Telly,Hoeger,"Raleigh, NC",3/16/1981
Newton,Howe,"Durham, NC",5/1/1999
Luigi,Hyatt,"Austin, TX",9/14/2003
April,Jaskolski,"Toronto, ON",11-Apr-94
Laura,Jones,"Miami, FL",1-Aug-70
Nicole,Kassulke,"Boston, MA",1/16/1959
Loy,Klocko,"Durham, NC",9/18/1982
Zoie,Koepp,"Cary, NC",6/27/1977
Jordon,Koss,"Omaha, NE",9/29/2004
Luna,Krajcik,"San Diego, CA",9/22/1994
Althea,Langworth,"Chicago, IL",29-Jul-87
Orrin,Larkin,"Miami, FL",1/23/1976
Adam,Legros-Cummings,"Charlotte, NC",8/4/1991
Ignatius,Lesch,"Chicago, IL",4/5/1966
Perry,Littel,"Austin, TX",30-Jan-81
Waino,Littel,"Omaha, NE",6/15/1961
Laila,Little,"Chicago, IL",21-Nov-81
Clifton,Lockman,"Toronto, ON",10/14/1994
Hubert,Lubowitz,"Omaha, NE",3/4/1986
Sedrick,MacGyver,"Durham, NC",12/3/1992
Anahi,Marks,"Boston, MA",11/19/1980
Jessyca,Marquardt,"New York, NY",12-Mar-01
Elinor,Mayer,"Charlotte, NC",3-Dec-00
Kirstin,Mayer,"New York, NY",7/11/1961
Fletcher,McDermott,"Charlotte, NC",10/22/1995
Silas,McKenzie,"Omaha, NE",4/4/1980
Nicolette,McLaughlin,"Boston, MA",4/9/1957
Alverta,Metz,"New York, NY",20-Mar-61
Aurelio,Metz,"Cary, NC",5/7/1974
Alisha,Monahan,"Boston, MA",18-Aug-76
Gordon,Morissette,"Cary, NC",2/8/1987
Murphy,Mosciski,"Austin, TX",3/18/1989
Savannah,Mosciski,"Cary, NC",8/6/1991
Annamarie,Mraz,"Cary, NC",10/5/1966
Magdalena,Murazik,"Cary, NC",3/31/1960
Isac,Nienow,"Cary, NC",31-Dec-99
Adele,Nikolaus,"Austin, TX",8/9/1984
Josiane,Nikolaus,"Toronto, ON",3/27/1969
Raegan,Nolan,"San Diego, CA",12-Oct-75
Nadia,O'Conner,"Cary, NC",17-Jul-64
Teagan,O'Keefe,"Charlotte, NC",8/6/1982
Adrian,Olson,"Phoenix, AZ",6-Mar-04
Dedrick,Ortiz,"Chicago, IL",9/17/1999
Jasper,Osinski,"Raleigh, NC",8/31/1960
Christiana,Raynor,"Miami, FL",11/3/1984
Patsy,Raynor,"Durham, NC",5/6/1978
Lisa,Rippin,"Cary, NC",25-Feb-58
Rebeka,Rodriguez,"Austin, TX",11-Oct-88
Kyra,Rosenbaum,"New York, NY",3/17/1997
Lonnie,Rowe,"Omaha, NE",25-Feb-02
Avis,Runte-Paucek,"Phoenix, AZ",9/21/1987
Alysson,Russel,"Austin, TX",12/20/1998
Theodore,Sawayn,"Cary, NC",10/5/1982
Claudie,Schiller,"Miami, FL",1/30/1982
Rosalia,Schoen,"Raleigh, NC",3-Jun-98
Dorothea,Simonis,"Boston, MA",5/17/1985
Moriah,Sipes,"Chicago, IL",5/11/1979
Alden,Smitham,"Cary, NC",16-Oct-81
Matt,Spencer,"Austin, TX",1/26/1964
Sylvia,Spencer,"Cary, NC",2/16/1981
Cortez,Stehr,"Raleigh, NC",11/29/1967
Deven,Stiedemann,"San Diego, CA",3/7/1968
Patience,Streich-Little,"Toronto, ON",2/20/1968
Kayli,Stroman,"Cary, NC",5/8/1983
Heaven,Swift,"Omaha, NE",5/21/1959
Madonna,Terry,"Austin, TX",1/4/1983
Florine,Torp,"Toronto, ON",2/14/1975
Tressa,Torp,"Boston, MA",4/9/1980
Roy,Tromp,"Austin, TX",4/5/2006
Abbigail,Ullrich,"Phoenix, AZ",11/20/1992
Cassandra,Von,"San Diego, CA",4/21/1992
Kennedy,Walsh,"Durham, NC",12/17/1962
Walker,Ward,"Austin, TX",6/27/1991
Walton,Ward,"Charlotte, NC",7/12/1983
Kevon,Wehner,"Cary, NC",8/8/1979
Avery,Weimann,"Durham, NC",11/21/1970
Lyric,Welch,"Austin, TX",5/26/1959
Caesar,White,"Toronto, ON",9/30/1965
Ahmad,Wiegand,"Boston, MA",2-Feb-03
Dayana,Wolff,"Durham, NC",2/28/1986
Edwina,Wyman,"Cary, NC",1/20/2001
Eleonore,Yost,"Boston, MA",26-Mar-90
Noe,Ziemann,"New York, NY",9/6/1976
Arely,Ziemann-Stanton,"San Diego, CA",6/4/1958